gene_name,bucket,shortlist_rank,direction_verdict,direction_basis,is_known_drug,supported,lof_tolerant,tractable,ot_genetic_max,ot_genetic_n_diseases,loeuf,prec,recessive_intolerant,il2_hit,efficacy,tolerance_loss,window_rank,n_module_down,is_iei,max_nonimmune_ntpm,viability_tier
RC3H1,DEMOTED,,DISCORDANT,canonical negative regulator of T-cell activation,False,False,False,True,0.0,,0.463,0.0018995,False,False,0.4582475511558037,0.1651821867831373,645,4,False,9.9,non-depleting
PTPN2,DEMOTED,,DISCORDANT,canonical negative regulator of T-cell activation,False,True,True,True,0.762018770396247,12.0,0.619,0.49222,False,False,0.4050415664908188,0.2027342190750655,1274,3,False,34.7,non-depleting
PRKAR1A,GATE_ONLY,,UNKNOWN,"no direction signal on disk (needs eQTL-coloc, N12)",False,False,False,True,0.0,,0.158,1.8995e-09,False,False,1.565971929770568,-0.0816277143322364,1,6,False,377.5,depleting-at-rest
KRR1,GATE_ONLY,,UNKNOWN,"no direction signal on disk (needs eQTL-coloc, N12)",False,False,False,False,0.0,,0.737,0.98767,True,False,1.0450472549058176,-0.0586175347885902,2,4,False,22.0,depleting-at-rest
C11orf54,GATE_ONLY,,UNKNOWN,"no direction signal on disk (needs eQTL-coloc, N12)",False,False,False,False,0.0,,1.058,0.91794,True,False,0.9446322649241166,-0.0404995861643294,3,5,False,530.1,non-depleting
ENO1,GATE_ONLY,,UNKNOWN,"no direction signal on disk (needs eQTL-coloc, N12)",False,False,False,True,0.0,,0.927,0.97823,True,False,0.9983435407188092,0.1137178448237662,5,8,False,1002.8,depleting-at-rest
CAMSAP1,GATE_ONLY,,UNKNOWN,"no direction signal on disk (needs eQTL-coloc, N12)",False,False,False,False,0.0365924383193484,0.0,0.545,0.99055,True,False,0.90923452822365,0.0277360103146078,6,5,False,97.9,depleting-at-rest
LRPPRC,GATE_ONLY,,UNKNOWN,"no direction signal on disk (needs eQTL-coloc, N12)",False,False,False,False,0.0,,0.809,0.99917,True,False,0.7737250332475956,0.0159376273324953,15,8,False,45.8,non-depleting
ZNF649,GATE_ONLY,,UNKNOWN,"no direction signal on disk (needs eQTL-coloc, N12)",False,False,True,False,0.0,,0.814,0.58149,False,False,0.7562150945425754,-0.0226958594122965,16,6,False,19.9,non-depleting
UBR4,GATE_ONLY,,UNKNOWN,"no direction signal on disk (needs eQTL-coloc, N12)",False,False,False,True,0.0,,0.242,1.2814e-62,False,False,1.2487007448721803,0.4814227338004506,18,15,False,157.0,non-depleting
HCCS,GATE_ONLY,,UNKNOWN,"no direction signal on disk (needs eQTL-coloc, N12)",False,False,False,False,0.0,,,,,False,0.967537910590042,0.2119149970558473,21,8,False,60.4,depleting-at-rest
CFAP20,GATE_ONLY,,UNKNOWN,"no direction signal on disk (needs eQTL-coloc, N12)",False,False,False,False,0.0,,0.784,0.91907,True,False,1.2606704974144665,0.506342383114607,22,13,False,40.4,non-depleting
RHOF,GATE_ONLY,,UNKNOWN,"no direction signal on disk (needs eQTL-coloc, N12)",False,False,True,True,0.0,,1.527,0.33916,False,False,0.6989401313656717,-0.1298370018341863,29,3,False,30.5,non-depleting
COMMD10,GATE_ONLY,,UNKNOWN,"no direction signal on disk (needs eQTL-coloc, N12)",False,False,True,False,0.0,,1.811,0.7109,False,False,0.673123498567263,-0.0125541808105557,32,4,False,33.0,non-depleting
PGS1,GATE_ONLY,,UNKNOWN,"no direction signal on disk (needs eQTL-coloc, N12)",False,False,False,True,0.031132663057395,0.0,0.999,0.93862,True,False,0.650345091759825,-0.1743855656741426,35,5,False,26.7,depleting-at-rest
RBCK1,GATE_ONLY,,CONCORDANT,LoF causes immunodeficiency (IUIS); positive-regulator direction,False,False,False,False,0.0,,0.891,0.99075,True,False,1.2023568811254397,0.5566893400584595,40,14,True,83.7,depleting-at-rest
CCNT1,GATE_ONLY,,UNKNOWN,"no direction signal on disk (needs eQTL-coloc, N12)",False,False,False,True,0.0,,0.311,3.086e-06,False,False,0.9474975450697884,0.3276604642425375,47,6,False,11.3,depleting-at-rest
RICTOR,GATE_ONLY,,UNKNOWN,"no direction signal on disk (needs eQTL-coloc, N12)",False,False,False,True,0.038249902710691,0.0,0.305,7.9583e-09,False,False,0.6044534570983559,-0.0246715406628633,49,4,False,24.3,non-depleting
MMAB,GATE_ONLY,,UNKNOWN,"no direction signal on disk (needs eQTL-coloc, N12)",False,False,False,True,0.0,,0.875,0.98057,True,False,0.7246089920608478,0.1432867849919862,55,5,False,105.3,non-depleting
CRLS1,GATE_ONLY,,UNKNOWN,"no direction signal on disk (needs eQTL-coloc, N12)",False,False,True,True,0.0,,1.913,0.44308,False,False,0.5694495401374042,-0.010762161283113,61,5,False,158.4,non-depleting
ATP5PO,GATE_ONLY,,UNKNOWN,"no direction signal on disk (needs eQTL-coloc, N12)",False,False,False,True,0.0,,0.871,0.96966,True,False,0.7605955566070555,0.1881984964679278,63,10,False,1494.1,non-depleting
TOMM70,GATE_ONLY,,UNKNOWN,"no direction signal on disk (needs eQTL-coloc, N12)",False,False,False,True,0.0,,0.298,2.019e-07,False,False,0.5648748374368439,-0.0614151808426938,64,3,False,71.0,depleting-at-rest
SCAF4,GATE_ONLY,,UNKNOWN,"no direction signal on disk (needs eQTL-coloc, N12)",False,False,False,False,0.0,,0.286,4.2611e-11,False,False,0.5563350750364808,-0.0925388467487008,67,4,False,17.5,non-depleting
IBA57,GATE_ONLY,,UNKNOWN,"no direction signal on disk (needs eQTL-coloc, N12)",False,False,True,False,0.0,,1.801,0.25669,False,False,0.5468776092570635,-0.3868692438957458,72,5,False,5.6,non-depleting
USP22,GATE_ONLY,,UNKNOWN,"no direction signal on disk (needs eQTL-coloc, N12)",False,False,False,False,0.0,,0.494,0.017035,False,False,0.8274649390088936,0.2768874058033066,73,12,False,119.1,non-depleting
TIAL1,GATE_ONLY,,UNKNOWN,"no direction signal on disk (needs eQTL-coloc, N12)",False,False,False,False,0.0,,0.213,2.7468e-09,False,False,0.5684981127155964,0.0299581517507533,78,4,False,40.8,non-depleting
BRAT1,GATE_ONLY,,UNKNOWN,"no direction signal on disk (needs eQTL-coloc, N12)",False,False,True,False,0.0,,1.392,0.0037243,False,False,0.5370687317406877,-0.2597122538760445,79,3,False,32.5,depleting-at-rest
RNF20,GATE_ONLY,,UNKNOWN,"no direction signal on disk (needs eQTL-coloc, N12)",False,False,False,False,0.0,,0.841,0.99907,True,False,0.9119870463816416,0.3737927751095761,86,8,False,30.4,depleting-at-rest
EML2,GATE_ONLY,,UNKNOWN,"no direction signal on disk (needs eQTL-coloc, N12)",False,False,False,False,0.0,,0.845,0.9981,True,False,0.5225273485415594,-0.2773131009962299,89,3,False,51.7,non-depleting
COMMD8,GATE_ONLY,,UNKNOWN,"no direction signal on disk (needs eQTL-coloc, N12)",False,False,True,False,0.0,,1.37,0.77326,False,False,0.5438856556140995,0.0225245682264476,92,3,False,42.2,depleting-at-rest
PGK1,GATE_ONLY,,UNKNOWN,"no direction signal on disk (needs eQTL-coloc, N12)",False,False,False,True,0.0,,,,,False,1.058137596033452,0.5223083721072286,94,3,False,423.5,depleting-at-rest
CNOT4,GATE_ONLY,,UNKNOWN,"no direction signal on disk (needs eQTL-coloc, N12)",False,False,False,False,0.0411294945074996,0.0,0.237,1.101e-06,False,False,0.5135733942219414,-0.0747592622862649,98,5,False,21.1,non-depleting
C1D,GATE_ONLY,,UNKNOWN,"no direction signal on disk (needs eQTL-coloc, N12)",False,False,True,False,0.0,,0.827,0.33444,False,False,0.5019806236172266,-0.1074755805322663,107,6,False,44.0,depleting-at-rest
POLG,GATE_ONLY,,UNKNOWN,"no direction signal on disk (needs eQTL-coloc, N12)",False,False,False,True,0.0,,0.847,0.99955,True,False,0.4999999690546755,-0.4197614568989993,109,9,False,22.0,non-depleting
ATXN7L3,GATE_ONLY,,UNKNOWN,"no direction signal on disk (needs eQTL-coloc, N12)",False,False,False,True,0.0,,0.228,1.6492e-08,False,False,0.562702870519914,0.0742911057828763,123,6,False,92.3,non-depleting
NDUFB4,GATE_ONLY,,CONCORDANT,approved LoF-mimicking drug (OT actionType),False,False,True,True,0.0,,1.134,0.89963,False,False,0.6045556497959416,0.1157027235076289,124,5,False,887.5,non-depleting
TFB1M,GATE_ONLY,,UNKNOWN,"no direction signal on disk (needs eQTL-coloc, N12)",False,False,True,False,0.0,,1.1,0.88706,False,False,0.4846866892144406,-0.1933092699473931,126,6,False,9.4,non-depleting
FAM98B,GATE_ONLY,,UNKNOWN,"no direction signal on disk (needs eQTL-coloc, N12)",False,False,True,False,0.0,,1.283,0.61093,False,False,0.6448481430123123,0.1605055819264939,131,7,False,18.3,non-depleting
UNC45A,GATE_ONLY,,UNKNOWN,"no direction signal on disk (needs eQTL-coloc, N12)",False,False,False,False,0.0,,0.885,0.99566,True,False,0.7768391298860517,0.2954629204842288,135,4,False,50.4,depleting-at-rest
TMEM126B,GATE_ONLY,,UNKNOWN,"no direction signal on disk (needs eQTL-coloc, N12)",False,False,True,True,0.0,,1.826,0.26585,False,False,0.6241367655302043,0.1498524413866534,140,8,False,29.1,non-depleting
NCAPG2,GATE_ONLY,,UNKNOWN,"no direction signal on disk (needs eQTL-coloc, N12)",False,False,False,False,0.0,,0.442,0.00011905,False,False,0.4693060041070219,-0.5685576986983012,141,5,False,13.9,non-depleting
CARS2,GATE_ONLY,,UNKNOWN,"no direction signal on disk (needs eQTL-coloc, N12)",False,False,True,False,0.0,,1.226,0.471,False,False,0.4899731950287116,0.0351061776297158,165,3,False,42.9,non-depleting
SRR,GATE_ONLY,,UNKNOWN,"no direction signal on disk (needs eQTL-coloc, N12)",False,False,False,True,0.0,,0.865,0.98457,True,False,0.6010807749886397,0.1458589488929804,169,4,False,15.3,non-depleting
TWNK,GATE_ONLY,,UNKNOWN,"no direction signal on disk (needs eQTL-coloc, N12)",False,False,False,True,0.0,,0.76,0.99923,True,False,0.809827783713128,0.3547929501234242,173,7,False,11.8,non-depleting
SMG1,GATE_ONLY,,UNKNOWN,"no direction signal on disk (needs eQTL-coloc, N12)",False,False,False,True,0.0,,0.1,1.5885000000000002e-54,False,False,0.743450442521786,0.2912790662310737,176,6,False,49.8,non-depleting
VARS2,GATE_ONLY,,UNKNOWN,"no direction signal on disk (needs eQTL-coloc, N12)",False,False,False,False,0.0,,0.806,0.99994,True,False,0.6769658814368306,0.2328866814963918,182,10,False,32.5,non-depleting
GAS2L1,GATE_ONLY,,UNKNOWN,"no direction signal on disk (needs eQTL-coloc, N12)",False,False,False,True,0.0,,,,,False,0.4355057010786759,-0.0256502614989786,185,3,False,55.4,non-depleting
ACAD9,GATE_ONLY,,UNKNOWN,"no direction signal on disk (needs eQTL-coloc, N12)",False,False,False,True,0.0,,0.885,0.99327,True,False,0.4274250236416114,-0.1467751145082385,193,3,False,38.3,non-depleting
MIPEP,GATE_ONLY,,UNKNOWN,"no direction signal on disk (needs eQTL-coloc, N12)",False,False,True,False,0.0,,1.182,0.36262,False,False,0.4186869498104165,-0.0668600828660967,204,5,False,23.8,non-depleting
GAB2,GATE_ONLY,,UNKNOWN,"no direction signal on disk (needs eQTL-coloc, N12)",False,False,False,True,0.0,,0.559,0.32783,False,False,0.5885894541055947,0.1657057730904498,206,3,False,54.0,non-depleting
QRSL1,GATE_ONLY,,UNKNOWN,"no direction signal on disk (needs eQTL-coloc, N12)",False,False,True,False,0.0,,1.107,0.68607,False,False,0.5781951281992292,0.1603817210307852,225,7,False,19.9,non-depleting
TADA1,GATE_ONLY,,UNKNOWN,"no direction signal on disk (needs eQTL-coloc, N12)",False,False,False,False,0.0,,0.81,0.99403,True,False,0.7957724112018748,0.3761383588759584,232,13,False,25.0,non-depleting
GDAP2,GATE_ONLY,,UNKNOWN,"no direction signal on disk (needs eQTL-coloc, N12)",False,False,True,False,0.0,,1.545,0.79098,False,False,0.4468187486028787,0.0435565681368533,247,5,False,4.8,depleting-at-rest
VBP1,GATE_ONLY,,UNKNOWN,"no direction signal on disk (needs eQTL-coloc, N12)",False,False,False,False,0.0,,,,,False,0.9832245087412388,0.5654438055594212,252,4,False,113.1,non-depleting
EHMT2,GATE_ONLY,,UNKNOWN,"no direction signal on disk (needs eQTL-coloc, N12)",False,False,False,True,0.0,,,,,False,0.3939713301125297,-0.0062645031246428,269,8,False,27.4,non-depleting
KMT2E,GATE_ONLY,,UNKNOWN,"no direction signal on disk (needs eQTL-coloc, N12)",False,False,False,True,0.0316148286248819,0.0,0.217,2.0402000000000002e-19,False,False,0.3864480798741095,-0.2486991092583614,281,3,False,19.1,depleting-at-rest
HEXIM1,GATE_ONLY,,UNKNOWN,"no direction signal on disk (needs eQTL-coloc, N12)",False,False,False,True,0.0,,0.148,7.9888e-07,False,False,0.3727993215352405,-0.0460602525657764,315,6,False,31.1,non-depleting
WDR82,GATE_ONLY,,UNKNOWN,"no direction signal on disk (needs eQTL-coloc, N12)",False,False,False,False,0.0,,0.439,0.0034575,False,False,0.9107881649254196,0.5263902576873407,323,12,False,62.6,non-depleting
EIF4E2,GATE_ONLY,,UNKNOWN,"no direction signal on disk (needs eQTL-coloc, N12)",False,False,False,True,0.0,,0.727,0.91512,True,False,0.36847094002754,-0.1879125555039912,324,3,False,144.8,non-depleting
COMMD4,GATE_ONLY,,UNKNOWN,"no direction signal on disk (needs eQTL-coloc, N12)",False,False,False,True,0.0,,0.983,0.95435,True,False,0.5013042441232849,0.1317222991616796,332,3,False,95.9,non-depleting
PSIP1,GATE_ONLY,,UNKNOWN,"no direction signal on disk (needs eQTL-coloc, N12)",False,False,False,False,0.0,,0.397,0.00023385,False,False,0.3653955577625396,-0.1804392854731733,334,3,False,143.4,non-depleting
TFAM,GATE_ONLY,,UNKNOWN,"no direction signal on disk (needs eQTL-coloc, N12)",False,False,False,False,0.0,,0.743,0.90668,True,False,0.4108252311663819,0.0446941183127411,337,6,False,30.8,non-depleting
RRAGC,GATE_ONLY,,UNKNOWN,"no direction signal on disk (needs eQTL-coloc, N12)",False,False,False,False,0.0,,0.546,0.058625,False,False,0.3630487258913969,-0.1203743117830195,346,3,False,34.7,non-depleting
CTDSPL2,GATE_ONLY,,UNKNOWN,"no direction signal on disk (needs eQTL-coloc, N12)",False,False,False,False,0.0,,0.184,0.00061148,False,False,0.4276952322287914,0.0644420751239782,353,3,False,19.6,non-depleting
ECSIT,GATE_ONLY,,UNKNOWN,"no direction signal on disk (needs eQTL-coloc, N12)",False,False,False,False,0.0,,1.034,0.91722,True,False,0.6183553898265906,0.2507267850331212,357,6,False,115.5,non-depleting
ZC3H10,GATE_ONLY,,UNKNOWN,"no direction signal on disk (needs eQTL-coloc, N12)",False,False,False,False,0.0,,0.779,0.94028,True,False,0.4089247960683777,0.0526558622152126,373,3,False,8.1,non-depleting
DPH5,GATE_ONLY,,UNKNOWN,"no direction signal on disk (needs eQTL-coloc, N12)",False,False,True,False,0.0698343703708299,0.0,1.296,0.73713,False,False,0.4278112066279789,0.0711930836197149,374,4,False,32.5,non-depleting
COQ3,GATE_ONLY,,UNKNOWN,"no direction signal on disk (needs eQTL-coloc, N12)",False,False,False,True,0.0,,1.046,0.92908,True,False,0.7310740551673585,0.3673570017824356,383,3,False,47.7,depleting-at-rest
WDR59,GATE_ONLY,,UNKNOWN,"no direction signal on disk (needs eQTL-coloc, N12)",False,False,False,False,0.0683346139464442,0.0,0.905,0.99215,True,False,0.3999930388898549,0.0477831465440839,389,4,False,35.1,depleting-at-rest
BTAF1,GATE_ONLY,,UNKNOWN,"no direction signal on disk (needs eQTL-coloc, N12)",False,False,False,False,0.0,,0.213,3.7977e-27,False,False,0.6493184486669363,0.2920785909246912,393,10,False,39.9,non-depleting
TMED9,GATE_ONLY,,UNKNOWN,"no direction signal on disk (needs eQTL-coloc, N12)",False,False,False,True,0.0,,1.055,0.91812,True,False,0.3442044356997292,-0.0809795381375061,414,3,False,96.0,depleting-at-rest
SLC25A28,GATE_ONLY,,UNKNOWN,"no direction signal on disk (needs eQTL-coloc, N12)",False,False,False,True,0.0,,0.576,0.14999,False,False,0.3373083763613352,-0.0946297182065482,442,3,False,96.1,non-depleting
MED15,GATE_ONLY,,UNKNOWN,"no direction signal on disk (needs eQTL-coloc, N12)",False,False,False,False,0.0,,0.446,0.00018534,False,False,0.639293086760682,0.2964233421440313,452,5,False,52.1,non-depleting
KMT5B,GATE_ONLY,,UNKNOWN,"no direction signal on disk (needs eQTL-coloc, N12)",False,False,False,True,0.0,,0.19,1.2093e-12,False,False,0.574022345939308,0.2332305889744807,454,4,False,27.2,non-depleting
CENPE,GATE_ONLY,,UNKNOWN,"no direction signal on disk (needs eQTL-coloc, N12)",False,False,False,True,0.0,,0.452,0.00045974,False,False,0.8909321898783461,0.5453431816948261,471,3,False,3.9,unknown
ATP5MF,GATE_ONLY,,UNKNOWN,"no direction signal on disk (needs eQTL-coloc, N12)",False,False,True,True,0.0,,1.223,0.87376,False,False,0.4577541006256009,0.1408448466751346,517,3,False,1342.9,depleting-at-rest
PDSS2,GATE_ONLY,,UNKNOWN,"no direction signal on disk (needs eQTL-coloc, N12)",False,False,False,False,0.0,,0.819,0.98482,True,False,0.3094702375105285,-0.0137226215629935,531,6,False,25.3,depleting-at-rest
COMMD5,GATE_ONLY,,UNKNOWN,"no direction signal on disk (needs eQTL-coloc, N12)",False,False,True,False,0.0,,1.753,0.49791,False,False,0.7424192892424835,0.4225963701655502,547,4,False,21.9,depleting-at-rest
CREBBP,GATE_ONLY,,CONCORDANT,approved LoF-mimicking drug (OT actionType),False,False,False,True,0.0742722696150896,0.0,0.101,2.6588999999999997e-46,False,False,0.6597557267738134,0.3447107213002263,562,13,False,31.1,non-depleting
STRAP,GATE_ONLY,,UNKNOWN,"no direction signal on disk (needs eQTL-coloc, N12)",False,False,False,False,0.0,,0.568,0.15744,False,False,0.3785867608597315,0.080870624262119,613,4,False,127.9,depleting-at-rest
PPP1R15B,GATE_ONLY,,UNKNOWN,"no direction signal on disk (needs eQTL-coloc, N12)",False,False,False,False,0.0384679587036271,0.0,0.736,0.99934,True,False,0.653762689440432,0.3571610069788956,653,4,False,48.1,depleting-at-rest
ATP5F1A,GATE_ONLY,,UNKNOWN,"no direction signal on disk (needs eQTL-coloc, N12)",False,False,False,True,0.0334626144332919,0.0,0.577,0.71943,False,False,0.3912840775006189,0.1087624078876613,690,5,False,1644.4,non-depleting
CLPB,GATE_ONLY,,CONCORDANT,LoF causes immunodeficiency (IUIS); positive-regulator direction,False,False,False,False,0.0,,0.643,0.99963,True,False,0.3937106770460223,0.1122750190975579,698,6,True,120.0,depleting-at-rest
SEC14L2,GATE_ONLY,,UNKNOWN,"no direction signal on disk (needs eQTL-coloc, N12)",False,False,True,True,0.0,,1.068,0.79223,False,False,0.5793035876101238,0.2975275033838349,721,3,False,227.8,non-depleting
MTHFD1L,GATE_ONLY,,UNKNOWN,"no direction signal on disk (needs eQTL-coloc, N12)",False,False,False,False,0.0,,0.856,0.99781,True,False,0.2812542500908921,0.0114570492159251,735,5,False,60.3,non-depleting
FBXO32,GATE_ONLY,,UNKNOWN,"no direction signal on disk (needs eQTL-coloc, N12)",False,False,False,False,0.0,,0.54,0.07908,False,False,0.2651664694486477,-0.4818827494250591,747,3,False,604.9,non-depleting
MCM8,GATE_ONLY,,UNKNOWN,"no direction signal on disk (needs eQTL-coloc, N12)",False,False,False,False,0.0,,0.971,0.94715,True,False,0.2650809990982312,-0.1206477855301533,748,3,False,12.5,non-depleting
ZNF710,GATE_ONLY,,UNKNOWN,"no direction signal on disk (needs eQTL-coloc, N12)",False,False,False,False,0.0,,0.395,7.6135e-05,False,False,0.790215050197582,0.5113227560654906,757,3,False,41.7,depleting-at-rest
MLST8,GATE_ONLY,,UNKNOWN,"no direction signal on disk (needs eQTL-coloc, N12)",False,False,False,True,0.0,,0.68,0.97887,True,False,0.2776423059204149,0.0142524917115327,764,5,False,49.4,non-depleting
MTCH2,GATE_ONLY,,UNKNOWN,"no direction signal on disk (needs eQTL-coloc, N12)",False,False,False,True,0.0,,0.752,0.99228,True,False,0.3438626284430987,0.0857876545177116,807,3,False,108.0,non-depleting
PDCL,GATE_ONLY,,UNKNOWN,"no direction signal on disk (needs eQTL-coloc, N12)",False,False,True,False,0.0,,0.652,0.56001,False,False,0.5156141692148593,0.2629344098691497,875,9,False,13.1,non-depleting
NDUFS8,GATE_ONLY,,CONCORDANT,approved LoF-mimicking drug (OT actionType),False,False,False,True,0.0,,0.776,0.95672,True,False,0.243358012019765,-0.4872205466662404,899,4,False,468.4,depleting-at-rest
CLCC1,GATE_ONLY,,UNKNOWN,"no direction signal on disk (needs eQTL-coloc, N12)",False,False,False,True,0.0,,0.778,0.99767,True,False,0.2400525659203517,-0.4254532499640903,922,4,False,23.5,non-depleting
RBM33,GATE_ONLY,,UNKNOWN,"no direction signal on disk (needs eQTL-coloc, N12)",False,False,False,False,0.0,,0.326,1.3804e-10,False,False,0.7551330711918057,0.5033445055109138,945,7,False,41.3,non-depleting
AP2A1,GATE_ONLY,,UNKNOWN,"no direction signal on disk (needs eQTL-coloc, N12)",False,False,False,True,0.0,,0.331,8.796e-09,False,False,0.5241365441333984,0.2925250929054676,1047,3,False,85.4,depleting-at-rest
PTBP1,GATE_ONLY,,UNKNOWN,"no direction signal on disk (needs eQTL-coloc, N12)",False,False,False,True,0.0,,0.249,1.0438e-08,False,False,0.7664560803737297,0.5308851586502666,1074,4,False,123.5,depleting-at-rest
DOP1B,GATE_ONLY,,UNKNOWN,"no direction signal on disk (needs eQTL-coloc, N12)",False,False,False,True,0.0,,0.831,0.99996,True,False,0.2235272833128403,0.0119846220426008,1147,4,False,24.1,non-depleting
NDUFAF3,GATE_ONLY,,CONCORDANT,approved LoF-mimicking drug (OT actionType),False,False,True,True,0.0,,1.221,0.77343,False,False,0.2906646929728305,0.0816434633516757,1182,4,False,315.3,non-depleting
TIPARP,GATE_ONLY,,UNKNOWN,"no direction signal on disk (needs eQTL-coloc, N12)",False,False,False,False,0.0330342207222303,0.0,0.346,3.2813e-06,False,False,0.4935466099585266,0.2798481546281109,1192,3,False,93.3,depleting-at-rest
MOV10,GATE_ONLY,,UNKNOWN,"no direction signal on disk (needs eQTL-coloc, N12)",False,False,False,False,0.0,,0.435,6.2956e-05,False,False,0.2036334439986296,-0.0341633574172731,1206,4,False,28.6,non-depleting
PGAP2,GATE_ONLY,,UNKNOWN,"no direction signal on disk (needs eQTL-coloc, N12)",False,False,False,True,0.0320474576429373,0.0,0.872,0.98524,True,False,0.6838018587332377,0.4706050755141704,1247,5,False,204.2,depleting-at-rest
MTG1,GATE_ONLY,,UNKNOWN,"no direction signal on disk (needs eQTL-coloc, N12)",False,False,True,True,0.0,,1.086,0.87301,False,False,0.3736647899305709,0.1718233336716928,1269,4,False,48.4,non-depleting
HMGXB3,GATE_ONLY,,UNKNOWN,"no direction signal on disk (needs eQTL-coloc, N12)",False,False,False,False,0.0,,0.467,0.0030124,False,False,0.6806221130615404,0.4704878930092226,1276,3,False,110.1,depleting-at-rest
EIF4A1,GATE_ONLY,,UNKNOWN,"no direction signal on disk (needs eQTL-coloc, N12)",False,False,False,True,0.0,,0.337,2.9223e-06,False,False,0.2540898346671146,0.0588516915875683,1310,4,False,531.9,depleting-at-rest
GPI,GATE_ONLY,,UNKNOWN,"no direction signal on disk (needs eQTL-coloc, N12)",False,False,False,True,0.0,,0.862,0.99503,True,False,0.3539725557949627,0.1565171843289839,1318,7,False,391.0,non-depleting
ZCCHC8,GATE_ONLY,,UNKNOWN,"no direction signal on disk (needs eQTL-coloc, N12)",False,False,False,False,0.0,,0.71,0.99853,True,False,0.4363342239818501,0.2453165141571454,1406,3,False,11.6,non-depleting
TIMM8B,GATE_ONLY,,UNKNOWN,"no direction signal on disk (needs eQTL-coloc, N12)",False,False,True,True,0.0347966296305316,0.0,1.551,0.80119,False,False,0.6086517400051524,0.4236440939208927,1517,6,False,137.3,depleting-at-rest
LAMTOR4,GATE_ONLY,,UNKNOWN,"no direction signal on disk (needs eQTL-coloc, N12)",False,False,True,False,0.0318021202905042,0.0,1.738,0.61003,False,False,0.4445376115752325,0.278052098791097,1641,5,False,469.5,non-depleting
INTS14,GATE_ONLY,,UNKNOWN,"no direction signal on disk (needs eQTL-coloc, N12)",False,False,True,False,0.0,,0.621,0.8951,False,False,0.211665237275465,0.06134993841346,1743,3,False,27.8,depleting-at-rest
YEATS2,GATE_ONLY,,UNKNOWN,"no direction signal on disk (needs eQTL-coloc, N12)",False,False,False,False,0.0,,0.552,0.99973,True,False,0.5271005910311727,0.3741271469425459,1818,4,False,14.5,depleting-at-rest
RIDA,GATE_ONLY,,UNKNOWN,"no direction signal on disk (needs eQTL-coloc, N12)",False,False,True,True,0.0,,1.444,0.81759,False,False,0.133234204732118,-0.0001238443891232,1915,3,False,1435.3,depleting-at-rest
SARS2,GATE_ONLY,,UNKNOWN,"no direction signal on disk (needs eQTL-coloc, N12)",False,False,True,False,0.0,,1.021,0.88144,False,False,0.3044208228407633,0.1686303431888271,1941,3,False,18.3,non-depleting
XBP1,GATE_ONLY,,UNKNOWN,"no direction signal on disk (needs eQTL-coloc, N12)",False,False,False,True,0.0,,,,,False,0.478953433554298,0.3397637099986376,1957,5,False,1102.3,non-depleting
STK11,GATE_ONLY,,UNKNOWN,"no direction signal on disk (needs eQTL-coloc, N12)",False,False,False,True,0.0,,0.364,9.4e-05,False,False,0.6392022615915662,0.4957059720347738,1960,4,False,106.4,depleting-at-rest
WARS2,GATE_ONLY,,UNKNOWN,"no direction signal on disk (needs eQTL-coloc, N12)",False,False,True,True,0.0,,1.099,0.86315,False,False,0.3770752897856053,0.2422187637255095,1976,3,False,9.6,non-depleting
PTCD2,GATE_ONLY,,UNKNOWN,"no direction signal on disk (needs eQTL-coloc, N12)",False,False,True,False,0.0,,0.798,0.64383,False,False,0.5203260056347558,0.3842541700601387,2009,4,False,12.9,depleting-at-rest
ERCC1,GATE_ONLY,,UNKNOWN,"no direction signal on disk (needs eQTL-coloc, N12)",False,False,True,False,0.0,,1.307,0.37256,False,False,0.382153649248793,0.250960892830967,2019,4,False,103.2,non-depleting
UTP23,GATE_ONLY,,UNKNOWN,"no direction signal on disk (needs eQTL-coloc, N12)",False,False,False,False,0.0,,0.885,0.96248,True,False,0.6916071989677772,0.5615899943804402,2137,4,False,11.3,depleting-at-rest
TESK2,GATE_ONLY,,UNKNOWN,"no direction signal on disk (needs eQTL-coloc, N12)",False,False,False,True,0.0,,0.865,0.9934,True,False,0.5852000379389829,0.4648652131858053,2211,4,False,14.5,non-depleting
TAF13,GATE_ONLY,,UNKNOWN,"no direction signal on disk (needs eQTL-coloc, N12)",False,False,True,False,0.0,,1.031,0.71883,False,True,0.41718200041364,0.3016910004932966,2212,4,False,89.9,non-depleting
CCNQ,GATE_ONLY,,UNKNOWN,"no direction signal on disk (needs eQTL-coloc, N12)",False,False,False,False,0.0,,,,,False,0.5869982097106979,0.4692904806852359,2245,3,False,34.8,depleting-at-rest
MTHFD2,GATE_ONLY,,UNKNOWN,"no direction signal on disk (needs eQTL-coloc, N12)",False,False,False,False,0.0,,0.985,0.95411,True,False,0.54393948217022,0.4344062840976676,2335,3,False,111.2,non-depleting
TSC1,GATE_ONLY,,UNKNOWN,"no direction signal on disk (needs eQTL-coloc, N12)",False,False,False,True,0.0,,0.227,1.5807e-17,False,False,0.3986488484926823,0.3064157344920553,2508,7,False,21.3,non-depleting
DPH1,GATE_ONLY,,UNKNOWN,"no direction signal on disk (needs eQTL-coloc, N12)",False,False,True,False,0.0,,1.323,0.050731,False,False,0.569987420242809,0.4850438228467781,2647,3,False,54.8,depleting-at-rest
PAICS,GATE_ONLY,,UNKNOWN,"no direction signal on disk (needs eQTL-coloc, N12)",False,False,True,False,0.0,,0.773,0.58968,False,False,0.2744110925382758,0.2124229267703363,2819,3,False,102.5,non-depleting
AMBRA1,GATE_ONLY,,UNKNOWN,"no direction signal on disk (needs eQTL-coloc, N12)",False,False,False,False,0.0,,0.491,0.065861,False,False,0.4754873317812156,0.4179560559065767,2941,3,False,13.1,non-depleting
MTA2,GATE_ONLY,,UNKNOWN,"no direction signal on disk (needs eQTL-coloc, N12)",False,False,False,False,0.0,,0.349,3.1778e-08,False,False,0.1363544520681018,0.0887149521350137,2942,3,False,111.2,depleting-at-rest
SLC16A1,GATE_ONLY,,UNKNOWN,"no direction signal on disk (needs eQTL-coloc, N12)",False,False,False,True,0.0324980929474421,0.0,0.591,0.26988,False,False,0.6769896906099881,0.6150516344682784,2964,4,False,63.8,non-depleting
SH3GL1,GATE_ONLY,,UNKNOWN,"no direction signal on disk (needs eQTL-coloc, N12)",False,False,True,True,0.0,,0.619,0.88732,False,False,0.4178180645872339,0.3694643681535567,3043,3,False,172.7,depleting-at-rest
PCBP2,GATE_ONLY,,UNKNOWN,"no direction signal on disk (needs eQTL-coloc, N12)",False,False,False,True,0.0,,0.14,2.9355e-07,False,False,0.1308939184096969,0.090931280889466,3049,3,False,616.6,depleting-at-rest
ELOB,GATE_ONLY,,UNKNOWN,"no direction signal on disk (needs eQTL-coloc, N12)",False,False,True,False,0.0,,0.788,0.36214,False,False,0.0311943864841367,-0.4037571104392941,3121,4,False,556.1,non-depleting
SMG9,GATE_ONLY,,UNKNOWN,"no direction signal on disk (needs eQTL-coloc, N12)",False,False,True,False,0.0,,1.051,0.82957,False,False,0.3779784005827378,0.337601004771372,3132,4,False,31.8,non-depleting
LEO1,GATE_ONLY,,UNKNOWN,"no direction signal on disk (needs eQTL-coloc, N12)",False,False,False,False,0.0,,0.488,0.010726,False,False,0.0235349383152367,-0.2051281865605622,3203,3,False,20.8,non-depleting
ATF4,GATE_ONLY,,UNKNOWN,"no direction signal on disk (needs eQTL-coloc, N12)",False,False,True,True,0.0,,0.718,0.61216,False,False,0.1467400500981407,0.1218360516686428,3231,3,False,826.1,depleting-at-rest
NXT1,GATE_ONLY,,UNKNOWN,"no direction signal on disk (needs eQTL-coloc, N12)",False,False,True,False,0.0,,0.74,0.29401,False,False,0.4267166709787468,0.4033980377309962,3349,3,False,26.8,depleting-at-rest
NFRKB,GATE_ONLY,,UNKNOWN,"no direction signal on disk (needs eQTL-coloc, N12)",False,False,False,False,0.0,,0.544,0.99847,True,False,0.6043318172798082,0.5813906166055814,3405,7,False,20.3,non-depleting
STIP1,GATE_ONLY,,UNKNOWN,"no direction signal on disk (needs eQTL-coloc, N12)",False,False,False,True,0.0621549165637489,0.0,0.306,3.8713e-09,False,False,0.2276306832352056,0.2159766443700065,3412,4,False,136.7,non-depleting
MIA2,GATE_ONLY,,UNKNOWN,"no direction signal on disk (needs eQTL-coloc, N12)",False,False,False,True,0.0,,0.874,0.99624,True,False,0.3919710404289709,0.3764658708733425,3420,7,False,126.3,non-depleting
ARIH1,GATE_ONLY,,UNKNOWN,"no direction signal on disk (needs eQTL-coloc, N12)",False,False,False,True,0.0,,0.303,1.6659e-06,False,False,0.1813281552490979,0.1746514806777188,3453,3,False,44.9,non-depleting
SHLD1,GATE_ONLY,,UNKNOWN,"no direction signal on disk (needs eQTL-coloc, N12)",False,False,True,False,0.0,,1.083,0.64854,False,False,0.2632235894084173,0.262867132604997,3556,3,False,9.3,non-depleting
PARP2,GATE_ONLY,,CONCORDANT,approved LoF-mimicking drug (OT actionType),False,False,True,True,0.0,,1.038,0.89743,False,False,0.5763523101397117,0.5871007839534831,3791,3,False,46.4,depleting-at-rest
ERCC4,GATE_ONLY,,CONCORDANT,LoF causes immunodeficiency (IUIS); positive-regulator direction,False,False,False,True,0.0,,0.985,0.94914,True,False,0.2655876496224381,0.2858135055404193,3798,4,True,17.1,depleting-at-rest
SIN3B,GATE_ONLY,,UNKNOWN,"no direction signal on disk (needs eQTL-coloc, N12)",False,False,False,True,0.0,,0.246,6.7242e-15,False,False,0.1836274778306816,0.2137401081900302,3892,4,False,56.8,non-depleting
MED23,GATE_ONLY,,UNKNOWN,"no direction signal on disk (needs eQTL-coloc, N12)",False,False,False,False,0.0,,0.769,0.99999,True,True,0.044882614766148,0.0817121885919524,3926,4,False,17.2,non-depleting
ATAD5,GATE_ONLY,,UNKNOWN,"no direction signal on disk (needs eQTL-coloc, N12)",False,False,False,False,0.0,,0.418,1.7133e-06,False,False,0.1098062307177434,0.1468116100726491,3950,5,False,2.3,non-depleting
PARS2,GATE_ONLY,,UNKNOWN,"no direction signal on disk (needs eQTL-coloc, N12)",False,False,False,False,0.0,,0.978,0.95726,True,False,0.1581108632983588,0.2015254810570423,4046,4,False,5.1,non-depleting
CSDE1,GATE_ONLY,,UNKNOWN,"no direction signal on disk (needs eQTL-coloc, N12)",False,False,False,True,0.0,,0.295,2.1889e-09,False,False,0.3641244900753303,0.4037856762208436,4070,4,False,1250.0,non-depleting
INTS10,GATE_ONLY,,UNKNOWN,"no direction signal on disk (needs eQTL-coloc, N12)",False,False,False,False,0.0367746109060519,0.0,0.686,0.99844,True,False,0.1785538226985515,0.2357779517309187,4213,5,False,50.3,non-depleting
CASK,GATE_ONLY,,UNKNOWN,"no direction signal on disk (needs eQTL-coloc, N12)",False,False,False,True,0.0,,,,,False,0.1460641502289742,0.2149051043972304,4319,3,False,30.2,depleting-at-rest
PNPT1,GATE_ONLY,,UNKNOWN,"no direction signal on disk (needs eQTL-coloc, N12)",False,False,False,True,0.0,,0.641,0.99984,True,False,0.5311519232023107,0.5915989215680119,4351,5,False,10.8,depleting-at-rest
GRSF1,GATE_ONLY,,UNKNOWN,"no direction signal on disk (needs eQTL-coloc, N12)",False,False,True,False,0.0,,1.473,0.37063,False,False,0.0780312371453275,0.1600579314106565,4446,4,False,242.1,non-depleting
PDPK1,GATE_ONLY,,CONCORDANT,approved LoF-mimicking drug (OT actionType),False,False,False,True,0.0,,0.333,0.0003019,False,False,0.4499669365739371,0.5397537934932745,4617,4,False,25.5,depleting-at-rest
TIMP1,GATE_ONLY,,UNKNOWN,"no direction signal on disk (needs eQTL-coloc, N12)",False,False,False,True,0.0,,,,,False,0.4647286893989606,0.5918836062717818,4949,4,False,2942.8,depleting-at-rest
ILKAP,GATE_ONLY,,UNKNOWN,"no direction signal on disk (needs eQTL-coloc, N12)",False,False,False,False,0.0,,0.38,0.00013788,False,False,0.2763209809548116,0.4104195176144478,4959,3,False,41.2,depleting-at-rest
GNE,GATE_ONLY,,UNKNOWN,"no direction signal on disk (needs eQTL-coloc, N12)",False,False,False,True,0.0,,0.822,0.99593,True,False,0.225180496892076,0.3727567350863905,5037,3,False,84.6,non-depleting
TAF6L,GATE_ONLY,,UNKNOWN,"no direction signal on disk (needs eQTL-coloc, N12)",False,False,False,False,0.0,,0.8,0.99794,True,False,0.2125023882990828,0.3781790593505433,5183,10,False,21.7,non-depleting
DHX9,GATE_ONLY,,UNKNOWN,"no direction signal on disk (needs eQTL-coloc, N12)",False,False,False,True,0.0,,0.264,3.0291e-16,False,False,0.3851794962206437,0.5783505507943967,5386,3,False,64.2,depleting-at-rest
PITRM1,GATE_ONLY,,UNKNOWN,"no direction signal on disk (needs eQTL-coloc, N12)",False,False,True,False,0.0,,0.998,0.88496,False,False,0.3573803557738189,0.5569472977169823,5414,5,False,68.3,depleting-at-rest
MBTPS1,GATE_ONLY,,UNKNOWN,"no direction signal on disk (needs eQTL-coloc, N12)",False,False,False,True,0.0,,0.852,0.99873,True,False,0.332432008849158,0.5698988533927839,5617,3,False,100.6,depleting-at-rest
LETM2,GATE_ONLY,,UNKNOWN,"no direction signal on disk (needs eQTL-coloc, N12)",False,False,True,True,0.0,,1.247,0.51993,False,False,-0.1024320509376101,0.1822840339751088,5761,3,False,22.2,non-depleting
ARHGAP30,GATE_ONLY,,UNKNOWN,"no direction signal on disk (needs eQTL-coloc, N12)",False,False,False,False,0.0,,0.43,0.00013126,False,False,0.0068009791464165,0.3622688713735966,6013,3,False,23.7,non-depleting
SKIC8,GATE_ONLY,,UNKNOWN,"no direction signal on disk (needs eQTL-coloc, N12)",False,False,False,True,0.0,,,,,False,0.0810488517719044,0.4891656125777845,6128,5,False,109.8,depleting-at-rest
PAXIP1,GATE_ONLY,,UNKNOWN,"no direction signal on disk (needs eQTL-coloc, N12)",False,False,False,False,0.0,,0.276,1.9589e-08,False,False,0.1621056752528822,0.5826379841426368,6151,3,False,21.4,non-depleting
ICAM2,SHORTLIST,1.0,UNKNOWN,"no direction signal on disk (needs eQTL-coloc, N12)",False,True,True,True,0.282843653978389,4.0,1.167,0.86143,False,False,0.7050323070551248,0.0847477074193408,44,4,False,96.5,depleting-at-rest
IMPDH2,VALIDATION,,CONCORDANT,approved LoF-mimicking drug (OT actionType),True,False,False,True,0.0,,0.767,0.99883,True,False,0.598310501455209,-0.0784304812919897,51,6,False,296.5,depleting-at-rest
CD2,VALIDATION,,CONCORDANT,approved LoF-mimicking drug (OT actionType),True,True,True,True,0.6800389834936047,3.0,1.144,0.8761,False,True,0.6796842727882662,0.1158172885829976,65,14,False,26.8,non-depleting
CD3E,VALIDATION,,CONCORDANT,approved LoF-mimicking drug (OT actionType),True,False,True,True,0.0,,0.66,0.53044,False,True,0.9807052173411483,0.5682072323921394,266,7,True,37.0,depleting-at-rest
CD28,VALIDATION,,CONCORDANT,LoF causes immunodeficiency (IUIS); positive-regulator direction,True,True,True,True,0.7200950933942434,12.0,0.634,0.21855,False,True,0.6538688214874406,0.3538737358496522,640,9,True,13.9,non-depleting
PPP3R1,VALIDATION,,UNKNOWN,"no direction signal on disk (needs eQTL-coloc, N12)",True,False,True,True,0.0,,0.678,0.28323,False,False,0.254858865854718,0.0259154368488018,1011,3,False,175.8,non-depleting
IL4R,VALIDATION,,CONCORDANT,approved LoF-mimicking drug (OT actionType),True,True,True,True,0.922852314144292,2.0,0.604,0.50216,False,False,-0.0858953112680229,0.5330112172642605,6310,6,False,114.2,non-depleting
BATF,WIDER,,UNKNOWN,"no direction signal on disk (needs eQTL-coloc, N12)",False,True,True,False,0.57567866228703,4.0,0.739,0.42763,False,False,0.8765283531057809,-0.4385618676524329,7,14,False,17.0,depleting-at-rest
RTRAF,WIDER,,UNKNOWN,"no direction signal on disk (needs eQTL-coloc, N12)",False,True,True,False,0.5103230123590625,1.0,0.645,0.29021,False,False,0.8222420012104527,-0.0610756589594364,9,4,False,149.7,depleting-at-rest
TBX21,WIDER,,CONCORDANT,LoF causes immunodeficiency (IUIS); positive-regulator direction,False,True,False,False,0.6228324218591725,5.0,0.381,6.4763e-05,False,False,0.7616470310915339,-0.3940546648810954,11,8,True,3.1,non-depleting
BHLHE40,WIDER,,UNKNOWN,"no direction signal on disk (needs eQTL-coloc, N12)",False,True,False,False,0.6880738297889575,2.0,0.219,1.6599e-06,False,False,0.895752420263014,0.1381871189629986,17,13,False,372.4,non-depleting
SIK3,WIDER,,UNKNOWN,"no direction signal on disk (needs eQTL-coloc, N12)",False,True,False,True,0.3409022846487999,3.0,0.269,1.7797e-16,False,False,0.9539645577491996,0.2087373792955458,23,15,False,23.9,non-depleting
MEN1,WIDER,,CONCORDANT,approved LoF-mimicking drug (OT actionType),False,True,False,True,0.3368520893497467,1.0,0.206,1.5823e-10,False,False,0.7869262155125736,0.0473892002899302,24,9,False,22.2,depleting-at-rest
STAT3,WIDER,,CONCORDANT,approved LoF-mimicking drug (OT actionType),False,True,False,True,0.7757925671777649,8.0,0.11,1.0410999999999999e-22,False,False,0.6414788489642478,0.0093014912182371,38,12,True,130.1,depleting-at-rest
UFM1,WIDER,,UNKNOWN,"no direction signal on disk (needs eQTL-coloc, N12)",False,True,True,False,0.1020107567411185,1.0,0.85,0.35704,False,False,0.6961030545762852,0.2119838160228555,133,8,False,61.2,non-depleting
USP24,WIDER,,UNKNOWN,"no direction signal on disk (needs eQTL-coloc, N12)",False,True,False,False,0.3458807395917997,1.0,0.361,2.1594e-16,False,False,0.4865597899424461,0.022439328429241,147,3,False,43.5,non-depleting
METTL1,WIDER,,UNKNOWN,"no direction signal on disk (needs eQTL-coloc, N12)",False,True,False,False,0.1208735564166393,1.0,0.787,0.97978,True,False,0.4612758650109829,-0.6088990760131768,151,7,False,27.3,non-depleting
WAPL,WIDER,,UNKNOWN,"no direction signal on disk (needs eQTL-coloc, N12)",False,True,False,False,0.4165393111276245,1.0,0.083,3.0370999999999996e-22,False,False,0.7686997868464509,0.3038518331640141,161,3,False,33.3,depleting-at-rest
SMAD4,WIDER,,UNKNOWN,"no direction signal on disk (needs eQTL-coloc, N12)",False,True,False,True,0.3748776680850805,1.0,0.227,8.4418e-08,False,False,0.6021149997041504,0.1748045832610419,198,3,False,18.4,non-depleting
BRPF1,WIDER,,UNKNOWN,"no direction signal on disk (needs eQTL-coloc, N12)",False,True,False,True,0.1898452316899406,1.0,0.206,8.9841e-17,False,False,0.5505553008264444,0.1418364229485021,238,5,False,9.6,non-depleting
MALT1,WIDER,,CONCORDANT,approved LoF-mimicking drug (OT actionType),False,True,False,True,0.5557747588892444,1.0,0.581,0.36491,False,False,0.6177352147612112,0.208858112973708,244,10,True,7.6,depleting-at-rest
BRD1,WIDER,,UNKNOWN,"no direction signal on disk (needs eQTL-coloc, N12)",False,True,False,True,0.2399149086037292,1.0,0.338,2.5978e-09,False,False,0.739977236245412,0.3303029161997297,254,4,False,27.6,depleting-at-rest
HDAC7,WIDER,,CONCORDANT,approved LoF-mimicking drug (OT actionType),False,True,False,True,0.7433455696392026,6.0,0.344,4.2086e-09,False,False,0.5287483246884581,0.155190187855127,322,3,False,47.1,non-depleting
PDSS1,WIDER,,UNKNOWN,"no direction signal on disk (needs eQTL-coloc, N12)",False,True,True,False,0.260541515360058,1.0,1.164,0.83203,False,False,0.3984892586713309,0.0435796534375867,380,3,False,18.0,non-depleting
TNPO1,WIDER,,UNKNOWN,"no direction signal on disk (needs eQTL-coloc, N12)",False,True,False,True,0.4844792008072639,2.0,0.152,9.6444e-13,False,False,0.3721476839584098,0.0229086067436668,394,4,False,74.5,non-depleting
MTRR,WIDER,,UNKNOWN,"no direction signal on disk (needs eQTL-coloc, N12)",False,True,False,False,0.2189008970249991,1.0,0.933,0.97966,True,False,0.3036552287615858,-0.1593202454257372,569,3,False,30.7,non-depleting
SEL1L,WIDER,,UNKNOWN,"no direction signal on disk (needs eQTL-coloc, N12)",False,True,False,True,0.3458807395917997,1.0,0.542,0.86093,False,False,0.9314896336307849,0.6238023868650155,642,5,False,380.4,depleting-at-rest
DR1,WIDER,,UNKNOWN,"no direction signal on disk (needs eQTL-coloc, N12)",False,True,True,False,0.3026032940728855,1.0,0.65,0.3046,False,False,0.5089392155231511,0.2786277306965693,1052,4,False,52.1,non-depleting
COMMD7,WIDER,,UNKNOWN,"no direction signal on disk (needs eQTL-coloc, N12)",False,True,True,False,0.1343905001643668,4.0,1.148,0.80259,False,False,0.6042613395686158,0.3781030845196993,1112,5,False,62.3,non-depleting
MED13,WIDER,,UNKNOWN,"no direction signal on disk (needs eQTL-coloc, N12)",False,True,False,False,0.5472390539660802,2.0,0.131,1.0311e-33,False,False,0.7387811386737236,0.5208005506509399,1213,9,False,26.2,non-depleting
FOSL2,WIDER,,UNKNOWN,"no direction signal on disk (needs eQTL-coloc, N12)",False,True,False,False,0.7486099105998748,6.0,0.28,0.00030643,False,False,0.2017358759859883,-0.0943938000467507,1223,3,False,160.1,non-depleting
SGF29,WIDER,,UNKNOWN,"no direction signal on disk (needs eQTL-coloc, N12)",False,True,False,True,0.2487387988438416,4.0,0.582,0.32938,False,False,0.6348662173644377,0.4253038059159448,1267,16,False,48.6,non-depleting
LIG3,WIDER,,UNKNOWN,"no direction signal on disk (needs eQTL-coloc, N12)",False,True,False,True,0.1151693162437684,1.0,0.627,1.0,True,False,0.3765774568032503,0.2274007562923319,1813,6,False,19.7,non-depleting
DDX39B,WIDER,,UNKNOWN,"no direction signal on disk (needs eQTL-coloc, N12)",False,True,False,False,0.2076867336007092,1.0,0.219,3.7305e-08,False,False,0.4504578083052126,0.3023484075961901,1853,4,False,177.4,depleting-at-rest
COG6,WIDER,,UNKNOWN,"no direction signal on disk (needs eQTL-coloc, N12)",False,True,False,True,0.6546775918977833,5.0,1.058,0.90875,True,False,0.136128017242577,-0.3445017318062814,1884,4,False,17.9,depleting-at-rest
ZNF644,WIDER,,UNKNOWN,"no direction signal on disk (needs eQTL-coloc, N12)",False,True,False,False,0.2235476338411937,1.0,0.224,2.0297e-15,False,False,0.1225436114239896,-0.604219413109246,2030,3,False,18.5,non-depleting
PTEN,WIDER,,CONCORDANT,LoF causes immunodeficiency (IUIS); positive-regulator direction,False,True,False,True,0.3428301945795701,2.0,0.686,0.95031,True,False,0.2823299860282686,0.1611783932278242,2099,3,True,51.4,non-depleting
PTPRC,WIDER,,CONCORDANT,approved LoF-mimicking drug (OT actionType),False,True,False,True,0.8257694520405896,7.0,0.343,1.2399e-11,False,True,0.1133854066204864,-0.1037456430653956,2136,4,True,51.5,non-depleting
ARPC2,WIDER,,UNKNOWN,"no direction signal on disk (needs eQTL-coloc, N12)",False,True,False,True,0.3797538774146153,1.0,0.319,0.0001653,False,False,0.5523052994695908,0.4596171949036611,2553,6,False,474.1,depleting-at-rest
AEBP2,WIDER,,UNKNOWN,"no direction signal on disk (needs eQTL-coloc, N12)",False,True,False,False,0.2932639141542026,1.0,0.461,0.01324,False,False,0.7064775081567066,0.6189974788714186,2666,5,False,41.3,non-depleting
SMG7,WIDER,,UNKNOWN,"no direction signal on disk (needs eQTL-coloc, N12)",False,True,False,False,0.4117676988491632,1.0,0.372,1.4622e-08,False,False,0.642856558177969,0.5605545802097395,2720,5,False,54.7,depleting-at-rest
TBL1XR1,WIDER,,UNKNOWN,"no direction signal on disk (needs eQTL-coloc, N12)",False,True,False,False,0.8215243810056689,2.0,0.174,1.0627e-09,False,False,0.4888002006351031,0.4415946773086723,3082,6,False,40.4,non-depleting
PPP2R2A,WIDER,,UNKNOWN,"no direction signal on disk (needs eQTL-coloc, N12)",False,True,False,False,0.4140901661120414,2.0,0.364,0.00015893,False,False,0.6682924044198757,0.6161384478659864,3084,3,False,37.6,non-depleting
EGR2,WIDER,,UNKNOWN,"no direction signal on disk (needs eQTL-coloc, N12)",False,True,False,False,0.6267582177882558,10.0,0.402,0.0031007,False,False,-0.0235227318301182,-0.0903798006360291,3738,4,False,114.5,non-depleting
STAT5A,WIDER,,UNKNOWN,"no direction signal on disk (needs eQTL-coloc, N12)",False,True,False,True,0.1220142227114484,2.0,0.365,5.0856e-08,False,False,0.3460539400077921,0.3848466767444609,4058,3,False,74.1,non-depleting
TPST2,WIDER,,UNKNOWN,"no direction signal on disk (needs eQTL-coloc, N12)",False,True,False,True,0.3888460867206413,1.0,0.958,0.96068,True,False,0.5367499964652611,0.5998618377648685,4382,4,False,378.0,depleting-at-rest
CCNC,WIDER,,UNKNOWN,"no direction signal on disk (needs eQTL-coloc, N12)",False,True,True,False,0.1255725876038873,1.0,0.738,0.24343,False,False,0.3304288532855233,0.5309962218777625,5416,13,False,69.7,non-depleting
CEP43,WIDER,,UNKNOWN,"no direction signal on disk (needs eQTL-coloc, N12)",False,True,True,False,0.6608165979654756,5.0,1.164,0.88559,False,False,0.2968520797499555,0.5460622452190811,5667,5,False,43.6,depleting-at-rest
CASC3,WIDER,,UNKNOWN,"no direction signal on disk (needs eQTL-coloc, N12)",False,True,False,False,0.1538848353261321,1.0,0.467,0.0025292,False,False,0.3543534478786255,0.6104084713068935,5696,3,False,66.6,non-depleting
STAT6,WIDER,,UNKNOWN,"no direction signal on disk (needs eQTL-coloc, N12)",False,True,False,True,0.7433566017524011,2.0,0.516,0.45021,False,False,-0.0358337538398091,0.2399610332380236,5734,5,False,102.2,non-depleting
FOXO1,WIDER,,UNKNOWN,"no direction signal on disk (needs eQTL-coloc, N12)",False,True,False,False,0.5070759194871427,7.0,0.348,0.00013447,False,False,-0.0627091659133171,0.2258080825267902,5781,3,False,84.4,non-depleting
